Deaths,Confirmed,Year,Month,Country_Name,Death_Rate,yyyy_mm
0,1,2020,2,Afghanistan,0.0,2020/02
4,165,2020,3,Afghanistan,0.0242,2020/03
60,2005,2020,4,Afghanistan,0.0299,2020/04
51,1870,2020,5,Afghanistan,0.0273,2020/05
11,223,2020,3,Albania,0.0493,2020/03
20,550,2020,4,Albania,0.0364,2020/04
0,83,2020,5,Albania,0.0,2020/05
0,1,2020,2,Algeria,0.0,2020/02
31,510,2020,3,Algeria,0.0608,2020/03
413,3337,2020,4,Algeria,0.1238,2020/04
44,1521,2020,5,Algeria,0.0289,2020/05
8,370,2020,3,Andorra,0.0216,2020/03
33,374,2020,4,Andorra,0.0882,2020/04
6,10,2020,5,Andorra,0.6,2020/05
1,7,2020,3,Angola,0.1429,2020/03
1,20,2020,4,Angola,0.05,2020/04
0,9,2020,5,Angola,0.0,2020/05
0,2,2020,3,Anguilla,0.0,2020/03
0,1,2020,4,Anguilla,0.0,2020/04
0,0,2020,5,Anguilla,,2020/05
0,7,2020,3,Antigua and Barbuda,0.0,2020/03
3,17,2020,4,Antigua and Barbuda,0.1765,2020/04
0,1,2020,5,Antigua and Barbuda,0.0,2020/05
20,820,2020,3,Argentina,0.0244,2020/03
187,3381,2020,4,Argentina,0.0553,2020/04
82,1329,2020,5,Argentina,0.0617,2020/05
3,482,2020,3,Armenia,0.0062,2020/03
29,1584,2020,4,Armenia,0.0183,2020/04
12,1109,2020,5,Armenia,0.0108,2020/05
0,50,2020,3,Aruba,0.0,2020/03
2,50,2020,4,Aruba,0.04,2020/04
1,1,2020,5,Aruba,1.0,2020/05
0,9,2020,1,Australia,0.0,2020/01
0,16,2020,2,Australia,0.0,2020/02
19,4532,2020,3,Australia,0.0042,2020/03
71,2189,2020,4,Australia,0.0324,2020/04
7,168,2020,5,Australia,0.0417,2020/05
0,10,2020,2,Austria,0.0,2020/02
108,9608,2020,3,Austria,0.0112,2020/03
472,5746,2020,4,Austria,0.0821,2020/04
34,371,2020,5,Austria,0.0916,2020/05
0,3,2020,2,Azerbaijan,0.0,2020/02
4,270,2020,3,Azerbaijan,0.0148,2020/03
19,1493,2020,4,Azerbaijan,0.0127,2020/04
5,513,2020,5,Azerbaijan,0.0097,2020/05
0,14,2020,3,Bahamas,0.0,2020/03
11,66,2020,4,Bahamas,0.1667,2020/04
0,12,2020,5,Bahamas,0.0,2020/05
0,40,2020,2,Bahrain,0.0,2020/02
4,527,2020,3,Bahrain,0.0076,2020/03
4,2470,2020,4,Bahrain,0.0016,2020/04
0,1558,2020,5,Bahrain,0.0,2020/05
5,49,2020,3,Bangladesh,0.102,2020/03
163,7618,2020,4,Bangladesh,0.0214,2020/04
46,6103,2020,5,Bangladesh,0.0075,2020/05
0,33,2020,3,Barbados,0.0,2020/03
6,47,2020,4,Barbados,0.1277,2020/04
1,2,2020,5,Barbados,0.5,2020/05
0,1,2020,2,Belarus,0.0,2020/02
0,151,2020,3,Belarus,0.0,2020/03
84,13029,2020,4,Belarus,0.0064,2020/04
37,7920,2020,5,Belarus,0.0047,2020/05
0,1,2020,2,Belgium,0.0,2020/02
513,11898,2020,3,Belgium,0.0431,2020/03
6988,35960,2020,4,Belgium,0.1943,2020/04
1020,4152,2020,5,Belgium,0.2457,2020/05
0,3,2020,3,Belize,0.0,2020/03
2,15,2020,4,Belize,0.1333,2020/04
0,0,2020,5,Belize,,2020/05
0,6,2020,3,Benin,0.0,2020/03
2,63,2020,4,Benin,0.0317,2020/04
0,173,2020,5,Benin,0.0,2020/05
0,22,2020,3,Bermuda,0.0,2020/03
6,89,2020,4,Bermuda,0.0674,2020/04
1,7,2020,5,Bermuda,0.1429,2020/05
0,4,2020,3,Bhutan,0.0,2020/03
0,3,2020,4,Bhutan,0.0,2020/04
0,0,2020,5,Bhutan,,2020/05
5,97,2020,3,Bolivia (Plurinational State of),0.0515,2020/03
50,956,2020,4,Bolivia (Plurinational State of),0.0523,2020/04
47,1028,2020,5,Bolivia (Plurinational State of),0.0457,2020/05
0,6,2020,4,"Bonaire, Sint Eustatius and Saba",0.0,2020/04
0,0,2020,5,"Bonaire, Sint Eustatius and Saba",,2020/05
9,359,2020,3,Bosnia and Herzegovina,0.0251,2020/03
55,1330,2020,4,Bosnia and Herzegovina,0.0414,2020/04
33,381,2020,5,Bosnia and Herzegovina,0.0866,2020/05
1,23,2020,4,Botswana,0.0435,2020/04
0,0,2020,5,Botswana,,2020/05
0,1,2020,2,Brazil,0.0,2020/02
136,4255,2020,3,Brazil,0.032,2020/03
4881,67630,2020,4,Brazil,0.0722,2020/04
4129,63220,2020,5,Brazil,0.0653,2020/05
0,2,2020,3,British Virgin Islands,0.0,2020/03
1,4,2020,4,British Virgin Islands,0.25,2020/04
0,1,2020,5,British Virgin Islands,0.0,2020/05
1,127,2020,3,Brunei Darussalam,0.0079,2020/03
0,11,2020,4,Brunei Darussalam,0.0,2020/04
0,3,2020,5,Brunei Darussalam,0.0,2020/05
8,359,2020,3,Bulgaria,0.0223,2020/03
56,1088,2020,4,Bulgaria,0.0515,2020/04
24,464,2020,5,Bulgaria,0.0517,2020/05
12,246,2020,3,Burkina Faso,0.0488,2020/03
30,392,2020,4,Burkina Faso,0.0765,2020/04
6,98,2020,5,Burkina Faso,0.0612,2020/05
1,15,2020,4,Burundi,0.0667,2020/04
0,4,2020,5,Burundi,0.0,2020/05
1,5,2020,3,Cabo Verde,0.2,2020/03
0,108,2020,4,Cabo Verde,0.0,2020/04
1,117,2020,5,Cabo Verde,0.0085,2020/05
0,1,2020,1,Cambodia,0.0,2020/01
0,0,2020,2,Cambodia,,2020/02
0,106,2020,3,Cambodia,0.0,2020/03
0,15,2020,4,Cambodia,0.0,2020/04
0,0,2020,5,Cambodia,,2020/05
6,139,2020,3,Cameroon,0.0432,2020/03
53,1667,2020,4,Cameroon,0.0318,2020/04
49,459,2020,5,Cameroon,0.1068,2020/05
0,4,2020,1,Canada,0.0,2020/01
0,10,2020,2,Canada,0.0,2020/02
66,6303,2020,3,Canada,0.0105,2020/03
2838,44046,2020,4,Canada,0.0644,2020/04
1567,15036,2020,5,Canada,0.1042,2020/05
1,12,2020,3,Cayman Islands,0.0833,2020/03
0,61,2020,4,Cayman Islands,0.0,2020/04
0,7,2020,5,Cayman Islands,0.0,2020/05
0,6,2020,3,Central African Republic,0.0,2020/03
0,44,2020,4,Central African Republic,0.0,2020/04
0,44,2020,5,Central African Republic,0.0,2020/05
0,5,2020,3,Chad,0.0,2020/03
2,47,2020,4,Chad,0.0426,2020/04
26,208,2020,5,Chad,0.125,2020/05
8,2449,2020,3,Chile,0.0033,2020/03
208,12436,2020,4,Chile,0.0167,2020/04
78,11087,2020,5,Chile,0.007,2020/05
213,9720,2020,1,China,0.0219,2020/01
2625,69669,2020,2,China,0.0377,2020/02
476,3156,2020,3,China,0.1508,2020/03
1329,1828,2020,4,China,0.727,2020/04
0,43,2020,5,China,0.0,2020/05
10,702,2020,3,Colombia,0.0142,2020/03
259,5247,2020,4,Colombia,0.0494,2020/04
138,3507,2020,5,Colombia,0.0393,2020/05
1,8,2020,5,Comoros,0.125,2020/05
0,19,2020,3,Congo,0.0,2020/03
9,201,2020,4,Congo,0.0448,2020/04
1,67,2020,5,Congo,0.0149,2020/05
2,314,2020,3,Costa Rica,0.0064,2020/03
4,391,2020,4,Costa Rica,0.0102,2020/04
0,60,2020,5,Costa Rica,0.0,2020/05
0,7,2020,2,Croatia,0.0,2020/02
6,783,2020,3,Croatia,0.0077,2020/03
61,1272,2020,4,Croatia,0.048,2020/04
19,99,2020,5,Croatia,0.1919,2020/05
4,170,2020,3,Cuba,0.0235,2020/03
54,1297,2020,4,Cuba,0.0416,2020/04
16,274,2020,5,Cuba,0.0584,2020/05
1,11,2020,3,Curacao,0.0909,2020/03
0,5,2020,4,Curacao,0.0,2020/04
0,0,2020,5,Curacao,,2020/05
7,230,2020,3,Cyprus,0.0304,2020/03
13,613,2020,4,Cyprus,0.0212,2020/04
1,48,2020,5,Cyprus,0.0208,2020/05
24,3002,2020,3,Czechia,0.008,2020/03
203,4577,2020,4,Czechia,0.0444,2020/04
46,498,2020,5,Czechia,0.0924,2020/05
0,169,2020,3,Côte d’Ivoire,0.0,2020/03
14,1069,2020,4,Côte d’Ivoire,0.0131,2020/04
6,364,2020,5,Côte d’Ivoire,0.0165,2020/05
8,98,2020,3,Democratic Republic of the Congo,0.0816,2020/03
23,402,2020,4,Democratic Republic of the Congo,0.0572,2020/04
8,437,2020,5,Democratic Republic of the Congo,0.0183,2020/05
0,3,2020,2,Denmark,0.0,2020/02
77,2574,2020,3,Denmark,0.0299,2020/03
366,6431,2020,4,Denmark,0.0569,2020/04
79,1210,2020,5,Denmark,0.0653,2020/05
0,31,2020,3,Djibouti,0.0,2020/03
2,1058,2020,4,Djibouti,0.0019,2020/04
1,100,2020,5,Djibouti,0.01,2020/05
0,11,2020,3,Dominica,0.0,2020/03
0,5,2020,4,Dominica,0.0,2020/04
0,0,2020,5,Dominica,,2020/05
42,901,2020,3,Dominican Republic,0.0466,2020/03
251,5751,2020,4,Dominican Republic,0.0436,2020/04
87,2724,2020,5,Dominican Republic,0.0319,2020/05
0,1,2020,2,Ecuador,0.0,2020/02
8,1961,2020,3,Ecuador,0.0041,2020/03
875,22713,2020,4,Ecuador,0.0385,2020/04
771,5623,2020,5,Ecuador,0.1371,2020/05
0,1,2020,2,Egypt,0.0,2020/02
41,655,2020,3,Egypt,0.0626,2020/03
351,4881,2020,4,Egypt,0.0719,2020/04
111,2939,2020,5,Egypt,0.0378,2020/05
0,30,2020,3,El Salvador,0.0,2020/03
9,347,2020,4,El Salvador,0.0259,2020/04
6,365,2020,5,El Salvador,0.0164,2020/05
0,14,2020,3,Equatorial Guinea,0.0,2020/03
1,301,2020,4,Equatorial Guinea,0.0033,2020/04
3,124,2020,5,Equatorial Guinea,0.0242,2020/05
0,6,2020,3,Eritrea,0.0,2020/03
0,33,2020,4,Eritrea,0.0,2020/04
0,0,2020,5,Eritrea,,2020/05
0,1,2020,2,Estonia,0.0,2020/02
3,714,2020,3,Estonia,0.0042,2020/03
47,951,2020,4,Estonia,0.0494,2020/04
6,59,2020,5,Estonia,0.1017,2020/05
0,9,2020,3,Eswatini,0.0,2020/03
1,82,2020,4,Eswatini,0.0122,2020/04
1,68,2020,5,Eswatini,0.0147,2020/05
0,23,2020,3,Ethiopia,0.0,2020/03
3,107,2020,4,Ethiopia,0.028,2020/04
1,64,2020,5,Ethiopia,0.0156,2020/05
0,13,2020,4,Falkland Islands (Malvinas),0.0,2020/04
0,0,2020,5,Falkland Islands (Malvinas),,2020/05
0,168,2020,3,Faroe Islands,0.0,2020/03
0,19,2020,4,Faroe Islands,0.0,2020/04
0,0,2020,5,Faroe Islands,,2020/05
0,5,2020,3,Fiji,0.0,2020/03
0,13,2020,4,Fiji,0.0,2020/04
0,0,2020,5,Fiji,,2020/05
0,1,2020,1,Finland,0.0,2020/01
0,1,2020,2,Finland,0.0,2020/02
13,1311,2020,3,Finland,0.0099,2020/03
193,3593,2020,4,Finland,0.0537,2020/04
54,832,2020,5,Finland,0.0649,2020/05
0,6,2020,1,France,0.0,2020/01
2,94,2020,2,France,0.0213,2020/02
3015,43877,2020,3,France,0.0687,2020/03
21037,83089,2020,4,France,0.2532,2020/04
2134,9512,2020,5,France,0.2243,2020/05
0,43,2020,3,French Guiana,0.0,2020/03
1,82,2020,4,French Guiana,0.0122,2020/04
0,16,2020,5,French Guiana,0.0,2020/05
0,36,2020,3,French Polynesia,0.0,2020/03
0,22,2020,4,French Polynesia,0.0,2020/04
0,2,2020,5,French Polynesia,0.0,2020/05
1,7,2020,3,Gabon,0.1429,2020/03
2,269,2020,4,Gabon,0.0074,2020/04
5,344,2020,5,Gabon,0.0145,2020/05
1,3,2020,3,Gambia,0.3333,2020/03
0,8,2020,4,Gambia,0.0,2020/04
0,9,2020,5,Gambia,0.0,2020/05
0,3,2020,2,Georgia,0.0,2020/02
0,100,2020,3,Georgia,0.0,2020/03
6,436,2020,4,Georgia,0.0138,2020/04
4,87,2020,5,Georgia,0.046,2020/05
0,7,2020,1,Germany,0.0,2020/01
0,50,2020,2,Germany,0.0,2020/02
583,61856,2020,3,Germany,0.0094,2020/03
5705,97206,2020,4,Germany,0.0587,2020/04
1081,9432,2020,5,Germany,0.1146,2020/05
4,152,2020,3,Ghana,0.0263,2020/03
12,1519,2020,4,Ghana,0.0079,2020/04
2,2341,2020,5,Ghana,0.0009,2020/05
0,69,2020,3,Gibraltar,0.0,2020/03
0,72,2020,4,Gibraltar,0.0,2020/04
0,3,2020,5,Gibraltar,0.0,2020/05
0,3,2020,2,Greece,0.0,2020/02
43,1209,2020,3,Greece,0.0356,2020/03
96,1364,2020,4,Greece,0.0704,2020/04
11,115,2020,5,Greece,0.0957,2020/05
0,10,2020,3,Greenland,0.0,2020/03
0,1,2020,4,Greenland,0.0,2020/04
0,0,2020,5,Greenland,,2020/05
0,9,2020,3,Grenada,0.0,2020/03
0,10,2020,4,Grenada,0.0,2020/04
0,2,2020,5,Grenada,0.0,2020/05
4,106,2020,3,Guadeloupe,0.0377,2020/03
7,45,2020,4,Guadeloupe,0.1556,2020/04
2,3,2020,5,Guadeloupe,0.6667,2020/05
1,58,2020,3,Guam,0.0172,2020/03
4,83,2020,4,Guam,0.0482,2020/04
0,6,2020,5,Guam,0.0,2020/05
1,36,2020,3,Guatemala,0.0278,2020/03
15,521,2020,4,Guatemala,0.0288,2020/04
7,275,2020,5,Guatemala,0.0255,2020/05
0,45,2020,3,Guernsey,0.0,2020/03
13,202,2020,4,Guernsey,0.0644,2020/04
0,5,2020,5,Guernsey,0.0,2020/05
0,16,2020,3,Guinea,0.0,2020/03
7,1335,2020,4,Guinea,0.0052,2020/04
4,658,2020,5,Guinea,0.0061,2020/05
0,8,2020,3,Guinea-Bissau,0.0,2020/03
1,69,2020,4,Guinea-Bissau,0.0145,2020/04
1,431,2020,5,Guinea-Bissau,0.0023,2020/05
1,8,2020,3,Guyana,0.125,2020/03
7,67,2020,4,Guyana,0.1045,2020/04
2,18,2020,5,Guyana,0.1111,2020/05
0,15,2020,3,Haiti,0.0,2020/03
6,61,2020,4,Haiti,0.0984,2020/04
6,53,2020,5,Haiti,0.1132,2020/05
0,6,2020,3,Holy See,0.0,2020/03
0,4,2020,4,Holy See,0.0,2020/04
0,2,2020,5,Holy See,0.0,2020/05
2,139,2020,3,Honduras,0.0144,2020/03
64,599,2020,4,Honduras,0.1068,2020/04
39,947,2020,5,Honduras,0.0412,2020/05
15,447,2020,3,Hungary,0.0336,2020/03
297,2328,2020,4,Hungary,0.1276,2020/04
93,438,2020,5,Hungary,0.2123,2020/05
2,1086,2020,3,Iceland,0.0018,2020/03
8,711,2020,4,Iceland,0.0113,2020/04
0,4,2020,5,Iceland,0.0,2020/05
0,1,2020,1,India,0.0,2020/01
0,2,2020,2,India,0.0,2020/02
32,1248,2020,3,India,0.0256,2020/03
1042,31799,2020,4,India,0.0328,2020/04
907,26612,2020,5,India,0.0341,2020/05
136,1528,2020,3,Indonesia,0.089,2020/03
656,8590,2020,4,Indonesia,0.0764,2020/04
167,3527,2020,5,Indonesia,0.0473,2020/05
6,695,2020,2,International conveyance (Diamond Princess),0.0086,2020/02
5,17,2020,3,International conveyance (Diamond Princess),0.2941,2020/03
2,0,2020,4,International conveyance (Diamond Princess),inf,2020/04
0,0,2020,5,International conveyance (Diamond Princess),,2020/05
43,593,2020,2,Iran (Islamic Republic of),0.0725,2020/02
2855,44013,2020,3,Iran (Islamic Republic of),0.0649,2020/03
3130,50034,2020,4,Iran (Islamic Republic of),0.0626,2020/04
561,11580,2020,5,Iran (Islamic Republic of),0.0484,2020/05
0,13,2020,2,Iraq,0.0,2020/02
46,617,2020,3,Iraq,0.0746,2020/03
46,1373,2020,4,Iraq,0.0335,2020/04
12,600,2020,5,Iraq,0.02,2020/05
54,2910,2020,3,Ireland,0.0186,2020/03
1136,17343,2020,4,Ireland,0.0655,2020/04
239,2288,2020,5,Ireland,0.1045,2020/05
0,42,2020,3,Isle of Man,0.0,2020/03
21,267,2020,4,Isle of Man,0.0787,2020/04
2,20,2020,5,Isle of Man,0.1,2020/05
0,7,2020,2,Israel,0.0,2020/02
17,4824,2020,3,Israel,0.0035,2020/03
195,10951,2020,4,Israel,0.0178,2020/04
33,662,2020,5,Israel,0.0498,2020/05
0,2,2020,1,Italy,0.0,2020/01
29,1126,2020,2,Italy,0.0258,2020/02
11562,100611,2020,3,Italy,0.1149,2020/03
16091,101852,2020,4,Italy,0.158,2020/04
2519,13594,2020,5,Italy,0.1853,2020/05
1,36,2020,3,Jamaica,0.0278,2020/03
6,345,2020,4,Jamaica,0.0174,2020/04
2,107,2020,5,Jamaica,0.0187,2020/05
0,17,2020,1,Japan,0.0,2020/01
5,222,2020,2,Japan,0.0225,2020/02
51,1714,2020,3,Japan,0.0298,2020/03
359,12135,2020,4,Japan,0.0296,2020/04
186,1540,2020,5,Japan,0.1208,2020/05
2,63,2020,3,Jersey,0.0317,2020/03
18,221,2020,4,Jersey,0.0814,2020/04
5,9,2020,5,Jersey,0.5556,2020/05
5,268,2020,3,Jordan,0.0187,2020/03
3,185,2020,4,Jordan,0.0162,2020/04
1,69,2020,5,Jordan,0.0145,2020/05
1,312,2020,3,Kazakhstan,0.0032,2020/03
24,3021,2020,4,Kazakhstan,0.0079,2020/04
6,1589,2020,5,Kazakhstan,0.0038,2020/05
1,50,2020,3,Kenya,0.02,2020/03
14,334,2020,4,Kenya,0.0419,2020/04
14,237,2020,5,Kenya,0.0591,2020/05
1,106,2020,3,Kosovo[1],0.0094,2020/03
21,693,2020,4,Kosovo[1],0.0303,2020/04
6,63,2020,5,Kosovo[1],0.0952,2020/05
0,45,2020,2,Kuwait,0.0,2020/02
0,244,2020,3,Kuwait,0.0,2020/03
26,3735,2020,4,Kuwait,0.007,2020/04
23,3599,2020,5,Kuwait,0.0064,2020/05
0,107,2020,3,Kyrgyzstan,0.0,2020/03
8,639,2020,4,Kyrgyzstan,0.0125,2020/04
4,185,2020,5,Kyrgyzstan,0.0216,2020/05
0,9,2020,3,Lao People's Democratic Republic,0.0,2020/03
0,10,2020,4,Lao People's Democratic Republic,0.0,2020/04
0,0,2020,5,Lao People's Democratic Republic,,2020/05
0,376,2020,3,Latvia,0.0,2020/03
15,473,2020,4,Latvia,0.0317,2020/04
3,79,2020,5,Latvia,0.038,2020/05
0,7,2020,2,Lebanon,0.0,2020/02
12,456,2020,3,Lebanon,0.0263,2020/03
12,262,2020,4,Lebanon,0.0458,2020/04
2,84,2020,5,Lebanon,0.0238,2020/05
0,3,2020,3,Liberia,0.0,2020/03
16,138,2020,4,Liberia,0.1159,2020/04
4,58,2020,5,Liberia,0.069,2020/05
0,8,2020,3,Libya,0.0,2020/03
2,53,2020,4,Libya,0.0377,2020/04
1,3,2020,5,Libya,0.3333,2020/05
0,64,2020,3,Liechtenstein,0.0,2020/03
1,19,2020,4,Liechtenstein,0.0526,2020/04
0,0,2020,5,Liechtenstein,,2020/05
0,1,2020,2,Lithuania,0.0,2020/02
7,483,2020,3,Lithuania,0.0145,2020/03
38,891,2020,4,Lithuania,0.0426,2020/04
4,61,2020,5,Lithuania,0.0656,2020/05
22,1988,2020,3,Luxembourg,0.0111,2020/03
67,1781,2020,4,Luxembourg,0.0376,2020/04
11,102,2020,5,Luxembourg,0.1078,2020/05
0,46,2020,3,Madagascar,0.0,2020/03
0,82,2020,4,Madagascar,0.0,2020/04
0,41,2020,5,Madagascar,0.0,2020/05
3,36,2020,4,Malawi,0.0833,2020/04
0,7,2020,5,Malawi,0.0,2020/05
0,8,2020,1,Malaysia,0.0,2020/01
0,16,2020,2,Malaysia,0.0,2020/02
37,2602,2020,3,Malaysia,0.0142,2020/03
63,3319,2020,4,Malaysia,0.019,2020/04
7,590,2020,5,Malaysia,0.0119,2020/05
0,17,2020,3,Maldives,0.0,2020/03
0,379,2020,4,Maldives,0.0,2020/04
3,348,2020,5,Maldives,0.0086,2020/05
0,18,2020,3,Mali,0.0,2020/03
25,464,2020,4,Mali,0.0539,2020/04
10,186,2020,5,Mali,0.0538,2020/05
0,156,2020,3,Malta,0.0,2020/03
4,307,2020,4,Malta,0.013,2020/04
1,26,2020,5,Malta,0.0385,2020/05
2,111,2020,3,Martinique,0.018,2020/03
12,64,2020,4,Martinique,0.1875,2020/04
0,8,2020,5,Martinique,0.0,2020/05
0,5,2020,3,Mauritania,0.0,2020/03
1,2,2020,4,Mauritania,0.5,2020/04
0,1,2020,5,Mauritania,0.0,2020/05
2,128,2020,3,Mauritius,0.0156,2020/03
8,204,2020,4,Mauritius,0.0392,2020/04
0,0,2020,5,Mauritius,,2020/05
0,82,2020,3,Mayotte,0.0,2020/03
4,378,2020,4,Mayotte,0.0106,2020/04
7,430,2020,5,Mayotte,0.0163,2020/05
0,2,2020,2,Mexico,0.0,2020/02
20,991,2020,3,Mexico,0.0202,2020/03
1549,15759,2020,4,Mexico,0.0983,2020/04
1392,12864,2020,5,Mexico,0.1082,2020/05
0,1,2020,2,Monaco,0.0,2020/02
0,33,2020,3,Monaco,0.0,2020/03
1,34,2020,4,Monaco,0.0294,2020/04
0,27,2020,5,Monaco,0.0,2020/05
0,12,2020,3,Mongolia,0.0,2020/03
0,26,2020,4,Mongolia,0.0,2020/04
0,4,2020,5,Mongolia,0.0,2020/05
1,91,2020,3,Montenegro,0.011,2020/03
6,231,2020,4,Montenegro,0.026,2020/04
1,2,2020,5,Montenegro,0.5,2020/05
0,5,2020,3,Montserrat,0.0,2020/03
1,6,2020,4,Montserrat,0.1667,2020/04
0,0,2020,5,Montserrat,,2020/05
33,574,2020,3,Morocco,0.0575,2020/03
135,3785,2020,4,Morocco,0.0357,2020/04
18,1514,2020,5,Morocco,0.0119,2020/05
0,8,2020,3,Mozambique,0.0,2020/03
0,68,2020,4,Mozambique,0.0,2020/04
0,6,2020,5,Mozambique,0.0,2020/05
0,14,2020,3,Myanmar,0.0,2020/03
6,136,2020,4,Myanmar,0.0441,2020/04
0,27,2020,5,Myanmar,0.0,2020/05
0,11,2020,3,Namibia,0.0,2020/03
0,5,2020,4,Namibia,0.0,2020/04
0,0,2020,5,Namibia,,2020/05
0,1,2020,1,Nepal,0.0,2020/01
0,0,2020,2,Nepal,,2020/02
0,4,2020,3,Nepal,0.0,2020/03
0,52,2020,4,Nepal,0.0,2020/04
0,52,2020,5,Nepal,0.0,2020/05
0,6,2020,2,Netherlands,0.0,2020/02
864,11744,2020,3,Netherlands,0.0736,2020/03
3847,27052,2020,4,Netherlands,0.1422,2020/04
648,3291,2020,5,Netherlands,0.1969,2020/05
0,15,2020,3,New Caledonia,0.0,2020/03
0,3,2020,4,New Caledonia,0.0,2020/04
0,0,2020,5,New Caledonia,,2020/05
0,1,2020,2,New Zealand,0.0,2020/02
1,599,2020,3,New Zealand,0.0017,2020/03
18,529,2020,4,New Zealand,0.034,2020/04
2,13,2020,5,New Zealand,0.1538,2020/05
1,4,2020,3,Nicaragua,0.25,2020/03
2,9,2020,4,Nicaragua,0.2222,2020/04
2,3,2020,5,Nicaragua,0.6667,2020/05
3,20,2020,3,Niger,0.15,2020/03
29,693,2020,4,Niger,0.0418,2020/04
12,82,2020,5,Niger,0.1463,2020/05
0,1,2020,2,Nigeria,0.0,2020/02
1,110,2020,3,Nigeria,0.0091,2020/03
43,1421,2020,4,Nigeria,0.0303,2020/04
73,2380,2020,5,Nigeria,0.0307,2020/05
0,1,2020,2,North Macedonia,0.0,2020/02
7,284,2020,3,North Macedonia,0.0246,2020/03
66,1157,2020,4,North Macedonia,0.057,2020/04
17,144,2020,5,North Macedonia,0.1181,2020/05
0,2,2020,3,Northern Mariana Islands (Commonwealth of the),0.0,2020/03
2,12,2020,4,Northern Mariana Islands (Commonwealth of the),0.1667,2020/04
0,1,2020,5,Northern Mariana Islands (Commonwealth of the),0.0,2020/05
0,7,2020,2,Norway,0.0,2020/02
26,4219,2020,3,Norway,0.0062,2020/03
176,3441,2020,4,Norway,0.0511,2020/04
11,367,2020,5,Norway,0.03,2020/05
0,6,2020,2,Oman,0.0,2020/02
0,186,2020,3,Oman,0.0,2020/03
11,2156,2020,4,Oman,0.0051,2020/04
6,876,2020,5,Oman,0.0068,2020/05
0,4,2020,2,Pakistan,0.0,2020/02
25,1861,2020,3,Pakistan,0.0134,2020/03
333,14252,2020,4,Pakistan,0.0234,2020/04
260,11357,2020,5,Pakistan,0.0229,2020/05
24,989,2020,3,Panama,0.0243,2020/03
152,5211,2020,4,Panama,0.0292,2020/04
49,1668,2020,5,Panama,0.0294,2020/05
0,1,2020,3,Papua New Guinea,0.0,2020/03
0,7,2020,4,Papua New Guinea,0.0,2020/04
0,0,2020,5,Papua New Guinea,,2020/05
3,64,2020,3,Paraguay,0.0469,2020/03
6,175,2020,4,Paraguay,0.0343,2020/04
1,324,2020,5,Paraguay,0.0031,2020/05
11,852,2020,3,Peru,0.0129,2020/03
843,30338,2020,4,Peru,0.0278,2020/04
773,27336,2020,5,Peru,0.0283,2020/05
0,1,2020,1,Philippines,0.0,2020/01
1,2,2020,2,Philippines,0.5,2020/02
77,1543,2020,3,Philippines,0.0499,2020/03
480,6666,2020,4,Philippines,0.072,2020/04
138,2251,2020,5,Philippines,0.0613,2020/05
31,2055,2020,3,Poland,0.0151,2020/03
593,10585,2020,4,Poland,0.056,2020/04
152,2726,2020,5,Poland,0.0558,2020/05
140,6408,2020,3,Portugal,0.0218,2020/03
833,18097,2020,4,Portugal,0.046,2020/04
141,2763,2020,5,Portugal,0.051,2020/05
6,174,2020,3,Puerto Rico,0.0345,2020/03
48,1259,2020,4,Puerto Rico,0.0381,2020/04
2,723,2020,5,Puerto Rico,0.0028,2020/05
0,1,2020,2,Qatar,0.0,2020/02
1,692,2020,3,Qatar,0.0014,2020/03
9,12716,2020,4,Qatar,0.0007,2020/04
3,7922,2020,5,Qatar,0.0004,2020/05
0,11,2020,1,Republic of Korea,0.0,2020/01
17,3139,2020,2,Republic of Korea,0.0054,2020/02
145,6636,2020,3,Republic of Korea,0.0219,2020/03
85,979,2020,4,Republic of Korea,0.0868,2020/04
9,75,2020,5,Republic of Korea,0.12,2020/05
2,298,2020,3,Republic of Moldova,0.0067,2020/03
114,3473,2020,4,Republic of Moldova,0.0328,2020/04
43,957,2020,5,Republic of Moldova,0.0449,2020/05
0,3,2020,2,Romania,0.0,2020/02
44,1949,2020,3,Romania,0.0226,2020/03
631,10026,2020,4,Romania,0.0629,2020/04
223,2833,2020,5,Romania,0.0787,2020/05
0,2,2020,1,Russian Federation,0.0,2020/01
0,0,2020,2,Russian Federation,,2020/02
9,1835,2020,3,Russian Federation,0.0049,2020/03
1064,104661,2020,4,Russian Federation,0.0102,2020/04
754,92178,2020,5,Russian Federation,0.0082,2020/05
0,70,2020,3,Rwanda,0.0,2020/03
0,155,2020,4,Rwanda,0.0,2020/04
0,48,2020,5,Rwanda,0.0,2020/05
0,207,2020,3,Réunion,0.0,2020/03
0,213,2020,4,Réunion,0.0,2020/04
0,10,2020,5,Réunion,0.0,2020/05
0,6,2020,3,Saint Barthélemy,0.0,2020/03
0,0,2020,4,Saint Barthélemy,,2020/04
0,0,2020,5,Saint Barthélemy,,2020/05
0,2,2020,3,Saint Kitts and Nevis,0.0,2020/03
0,13,2020,4,Saint Kitts and Nevis,0.0,2020/04
0,0,2020,5,Saint Kitts and Nevis,,2020/05
0,9,2020,3,Saint Lucia,0.0,2020/03
0,8,2020,4,Saint Lucia,0.0,2020/04
0,1,2020,5,Saint Lucia,0.0,2020/05
1,18,2020,3,Saint Martin,0.0556,2020/03
2,20,2020,4,Saint Martin,0.1,2020/04
0,0,2020,5,Saint Martin,,2020/05
0,1,2020,4,Saint Pierre and Miquelon,0.0,2020/04
0,0,2020,5,Saint Pierre and Miquelon,,2020/05
0,1,2020,3,Saint Vincent and the Grenadines,0.0,2020/03
0,15,2020,4,Saint Vincent and the Grenadines,0.0,2020/04
0,1,2020,5,Saint Vincent and the Grenadines,0.0,2020/05
0,1,2020,2,San Marino,0.0,2020/02
25,229,2020,3,San Marino,0.1092,2020/03
16,333,2020,4,San Marino,0.048,2020/04
0,69,2020,5,San Marino,0.0,2020/05
0,11,2020,4,Sao Tome and Principe,0.0,2020/04
5,197,2020,5,Sao Tome and Principe,0.0254,2020/05
10,1563,2020,3,Saudi Arabia,0.0064,2020/03
152,21190,2020,4,Saudi Arabia,0.0072,2020/04
77,14383,2020,5,Saudi Arabia,0.0054,2020/05
0,162,2020,3,Senegal,0.0,2020/03
9,720,2020,4,Senegal,0.0125,2020/04
4,669,2020,5,Senegal,0.006,2020/05
13,785,2020,3,Serbia,0.0166,2020/03
160,7939,2020,4,Serbia,0.0202,2020/04
36,1219,2020,5,Serbia,0.0295,2020/05
0,8,2020,3,Seychelles,0.0,2020/03
0,3,2020,4,Seychelles,0.0,2020/04
0,0,2020,5,Seychelles,,2020/05
5,116,2020,4,Sierra Leone,0.0431,2020/04
12,141,2020,5,Sierra Leone,0.0851,2020/05
0,16,2020,1,Singapore,0.0,2020/01
0,86,2020,2,Singapore,0.0,2020/02
3,777,2020,3,Singapore,0.0039,2020/03
11,14762,2020,4,Singapore,0.0007,2020/04
6,6066,2020,5,Singapore,0.001,2020/05
0,6,2020,3,Sint Maarten,0.0,2020/03
13,69,2020,4,Sint Maarten,0.1884,2020/04
1,1,2020,5,Sint Maarten,1.0,2020/05
0,336,2020,3,Slovakia,0.0,2020/03
22,1055,2020,4,Slovakia,0.0209,2020/04
4,64,2020,5,Slovakia,0.0625,2020/05
11,763,2020,3,Slovenia,0.0144,2020/03
78,655,2020,4,Slovenia,0.1191,2020/04
11,32,2020,5,Slovenia,0.3438,2020/05
0,3,2020,3,Somalia,0.0,2020/03
28,598,2020,4,Somalia,0.0468,2020/04
20,396,2020,5,Somalia,0.0505,2020/05
3,1326,2020,3,South Africa,0.0023,2020/03
100,4024,2020,4,South Africa,0.0249,2020/04
75,3545,2020,5,South Africa,0.0212,2020/05
0,34,2020,4,South Sudan,0.0,2020/04
0,86,2020,5,South Sudan,0.0,2020/05
0,1,2020,1,Spain,0.0,2020/01
0,44,2020,2,Spain,0.0,2020/02
7340,85150,2020,3,Spain,0.0862,2020/03
16935,127722,2020,4,Spain,0.1326,2020/04
1976,9940,2020,5,Spain,0.1988,2020/05
0,1,2020,1,Sri Lanka,0.0,2020/01
0,0,2020,2,Sri Lanka,,2020/02
2,121,2020,3,Sri Lanka,0.0165,2020/03
5,527,2020,4,Sri Lanka,0.0095,2020/04
2,186,2020,5,Sri Lanka,0.0108,2020/05
2,7,2020,3,Sudan,0.2857,2020/03
26,368,2020,4,Sudan,0.0707,2020/04
31,736,2020,5,Sudan,0.0421,2020/05
0,8,2020,3,Suriname,0.0,2020/03
1,2,2020,4,Suriname,0.5,2020/04
0,0,2020,5,Suriname,,2020/05
0,1,2020,1,Sweden,0.0,2020/01
0,12,2020,2,Sweden,0.0,2020/02
146,4015,2020,3,Sweden,0.0364,2020/03
2316,16274,2020,4,Sweden,0.1423,2020/04
713,4963,2020,5,Sweden,0.1437,2020/05
0,18,2020,2,Switzerland,0.0,2020/02
295,15394,2020,3,Switzerland,0.0192,2020/03
1112,13912,2020,4,Switzerland,0.0799,2020/04
124,844,2020,5,Switzerland,0.1469,2020/05
2,10,2020,3,Syrian Arab Republic,0.2,2020/03
1,33,2020,4,Syrian Arab Republic,0.0303,2020/04
0,4,2020,5,Syrian Arab Republic,0.0,2020/05
18,522,2020,5,Tajikistan,0.0345,2020/05
0,19,2020,1,Thailand,0.0,2020/01
0,23,2020,2,Thailand,0.0,2020/02
10,1609,2020,3,Thailand,0.0062,2020/03
44,1303,2020,4,Thailand,0.0338,2020/04
2,50,2020,5,Thailand,0.04,2020/05
0,2,2020,1,The United Kingdom,0.0,2020/01
0,21,2020,2,The United Kingdom,0.0,2020/02
1408,22122,2020,3,The United Kingdom,0.0636,2020/03
24689,143080,2020,4,The United Kingdom,0.1726,2020/04
5144,46143,2020,5,The United Kingdom,0.1115,2020/05
0,1,2020,3,Timor-Leste,0.0,2020/03
0,23,2020,4,Timor-Leste,0.0,2020/04
0,0,2020,5,Timor-Leste,,2020/05
1,34,2020,3,Togo,0.0294,2020/03
6,75,2020,4,Togo,0.08,2020/04
3,36,2020,5,Togo,0.0833,2020/05
3,82,2020,3,Trinidad and Tobago,0.0366,2020/03
5,34,2020,4,Trinidad and Tobago,0.1471,2020/04
0,0,2020,5,Trinidad and Tobago,,2020/05
9,362,2020,3,Tunisia,0.0249,2020/03
31,618,2020,4,Tunisia,0.0502,2020/04
5,50,2020,5,Tunisia,0.1,2020/05
168,10827,2020,3,Turkey,0.0155,2020/03
2913,106762,2020,4,Turkey,0.0273,2020/04
608,17980,2020,5,Turkey,0.0338,2020/05
0,5,2020,3,Turks and Caicos Islands,0.0,2020/03
1,7,2020,4,Turks and Caicos Islands,0.1429,2020/04
0,0,2020,5,Turks and Caicos Islands,,2020/05
0,33,2020,3,Uganda,0.0,2020/03
0,46,2020,4,Uganda,0.0,2020/04
0,22,2020,5,Uganda,0.0,2020/05
13,549,2020,3,Ukraine,0.0237,2020/03
248,9857,2020,4,Ukraine,0.0252,2020/04
115,4304,2020,5,Ukraine,0.0267,2020/05
0,4,2020,1,United Arab Emirates,0.0,2020/01
0,15,2020,2,United Arab Emirates,0.0,2020/02
6,645,2020,3,United Arab Emirates,0.0093,2020/03
99,11817,2020,4,United Arab Emirates,0.0084,2020/04
69,4312,2020,5,United Arab Emirates,0.016,2020/05
0,19,2020,3,United Republic of Tanzania,0.0,2020/03
16,461,2020,4,United Republic of Tanzania,0.0347,2020/04
5,29,2020,5,United Republic of Tanzania,0.1724,2020/05
0,30,2020,3,United States Virgin Islands,0.0,2020/03
4,32,2020,4,United States Virgin Islands,0.125,2020/04
0,6,2020,5,United States Virgin Islands,0.0,2020/05
0,7,2020,1,United States of America,0.0,2020/01
0,55,2020,2,United States of America,0.0,2020/02
2398,140578,2020,3,United States of America,0.0171,2020/03
50030,863334,2020,4,United States of America,0.0579,2020/04
17461,241900,2020,5,United States of America,0.0722,2020/05
0,309,2020,3,Uruguay,0.0,2020/03
15,316,2020,4,Uruguay,0.0475,2020/04
2,59,2020,5,Uruguay,0.0339,2020/05
2,149,2020,3,Uzbekistan,0.0134,2020/03
7,1882,2020,4,Uzbekistan,0.0037,2020/04
1,305,2020,5,Uzbekistan,0.0033,2020/05
3,129,2020,3,Venezuela (Bolivarian Republic of),0.0233,2020/03
7,200,2020,4,Venezuela (Bolivarian Republic of),0.035,2020/04
0,52,2020,5,Venezuela (Bolivarian Republic of),0.0,2020/05
0,5,2020,1,Viet Nam,0.0,2020/01
0,11,2020,2,Viet Nam,0.0,2020/02
0,187,2020,3,Viet Nam,0.0,2020/03
0,67,2020,4,Viet Nam,0.0,2020/04
0,18,2020,5,Viet Nam,0.0,2020/05
0,6,2020,4,Yemen,0.0,2020/04
8,30,2020,5,Yemen,0.2667,2020/05
0,35,2020,3,Zambia,0.0,2020/03
3,62,2020,4,Zambia,0.0484,2020/04
1,70,2020,5,Zambia,0.0143,2020/05
1,8,2020,3,Zimbabwe,0.125,2020/03
3,24,2020,4,Zimbabwe,0.125,2020/04
0,2,2020,5,Zimbabwe,0.0,2020/05
1,117,2020,3,"occupied Palestinian territory, including east Jerusalem",0.0085,2020/03
1,227,2020,4,"occupied Palestinian territory, including east Jerusalem",0.0044,2020/04
2,203,2020,5,"occupied Palestinian territory, including east Jerusalem",0.0099,2020/05
